{"cameraMode":{"drawMode":0,"name":"Shaded","section":"Shading Mode"},"sceneLighting":true,"audioPlay":false,"sceneViewState":{"m_AlwaysRefresh":false,"showFog":true,"showSkybox":true,"showFlares":true,"showImageEffects":true,"showParticleSystems":true,"showVisualEffectGraphs":true,"m_FxEnabled":false},"in2DMode":false,"pivot":{"x":3.8419370651245119,"y":-1.9399633407592774,"z":0.03395134210586548},"rotation":{"x":-0.29777660965919497,"y":-0.6280505061149597,"z":0.2829676866531372,"w":-0.6609194278717041},"size":7.894047737121582,"orthographic":false}