{"cameraMode":{"drawMode":0,"name":"Shaded","section":"Shading Mode"},"sceneLighting":true,"audioPlay":false,"sceneViewState":{"m_AlwaysRefresh":false,"showFog":true,"showSkybox":true,"showFlares":true,"showImageEffects":true,"showParticleSystems":true,"showVisualEffectGraphs":true,"m_FxEnabled":false},"in2DMode":false,"pivot":{"x":0.6508599519729614,"y":1.4665641784667969,"z":-3.0268101692199709},"rotation":{"x":-0.5282888412475586,"y":-0.06304723769426346,"z":0.039379097521305087,"w":-0.845805287361145},"size":6.956447601318359,"orthographic":false}